uuid,ordering,Trefwoord,Titel,Beschrijving,Trefwoord (en),Titel (en),Beschrijving (en),Afbeelding,spacer,Afbeelding url,Linked media-uuid,Linked media-name,Linked media-folder,Linked media-filesize,Linked media-mimetype,Record notes-uuid,Record notes-modified_by-uuid,Record notes-modified_by-username,Record notes-modified_by-displayname,Record notes-modified_by-email,Record notes-modified_by-active,Record notes-modified_by-admin,Record notes-modified_time,Record notes-veldnaam,Record notes-notes
0199e8d2-824a-b19a-be6a-5ee3beb624b5,,bos_park,Bos park,Foto's waarin een bos- en/of parklandschap / natuurgebied centraal staat,forest_park,Forest park,Picture taken in a forest or park,NL-HlmNHA_1478_4842.jpg,,https://images.memorix.nl/ranh/thumb/500x500/e6499640-e8ec-4855-b222-21e7d9d25e28.jpg,e6499640-e8ec-4855-b222-21e7d9d25e28,NL-HlmNHA_1478_4842,62730a48-682e-b290-69d7-b86d8c03669c,72452,image/jp2,,,,,,,,,,
020c70ac-8e33-8820-4f8f-e6965b48ee71,,sneeuwlandschap,Sneeuwlandschap,Foto's waarin een winters stad- of natuurlandschap met sneeuw centraal staat,snow_landscape,Snow landscape,Scenes set in snow,NL-HlmNHA_1478_20031K00_20.jpg,,https://images.memorix.nl/ranh/thumb/500x500/10309297-acd9-28eb-3486-43957c03b74b.jpg,10309297-acd9-28eb-3486-43957c03b74b,NL-HlmNHA_1478_20031K00_20,267d5c8d-7463-f76a-f30e-33ee9dc9ac5f,180194,image/jp2,,,,,,,,,,
0261181d-00de-fbd5-7889-882d29340de3,,optocht,Optocht,Foto's van een optocht met of zonder praalwagens,parade,Parade,parade with floats,NL-HlmNHA_1478_1778.jpg,,https://images.memorix.nl/ranh/thumb/500x500/01f25d2e-6917-868c-225f-4573a3153dd2.jpg,01f25d2e-6917-868c-225f-4573a3153dd2,NL-HlmNHA_1478_1778,c2d6d79c-dd87-c8e6-2a65-675eb3b295a2,74270,image/jp2,,,,,,,,,,
02f9b8eb-0589-ec17-0761-8169a98791f7,,brug,Brug,"Foto's waarin een brug centraal staat. Heeft mogelijk overeenkomsten met de labels 'straat', 'rivier', 'boot'",bridge,Bridge,Picture should feature a bridge as a central element. Overlap with street/canal/river/boat,NL-HlmNHA_1478_3571.jpg,,https://images.memorix.nl/ranh/thumb/500x500/5e6c2920-86f8-b82c-0273-2e84b2273f98.jpg,5e6c2920-86f8-b82c-0273-2e84b2273f98,NL-HlmNHA_1478_3571,97b4ed8b-7f4c-b242-24a4-2ae629db0606,74353,image/jp2,,,,,,,,,,
0359ab43-10b3-88a9-afd2-3ca368008430,,catwalk,Catwalk,Foto's van modellen op een catwalk,catwalk,Catwalk,Models on a catwalk,NL-HlmNHA_1478_10175_02_G,,https://images.memorix.nl/ranh/thumb/500x500/40547983-22a0-8d90-50d2-2846def54143.jpg,40547983-22a0-8d90-50d2-2846def54143,NL-HlmNHA_1478_10175_02_G,f424e5c3-fae4-76c9-a36a-e4ced61a4ba5,90789,image/jp2,,,,,,,,,,
04c8f727-f4be-4673-47ef-c6cb161bb0b3,,fietsende_mensen,Fietsende mensen,Foto's waarin fietsende mensen centraal staan / alledaags en/of recreatief fietsen. Sportieve fietsers op een racefiets krijgen het label 'wielrennen' ,cycling,Cycling,Features bicycles or people riding bicycles.,NL-HlmNHA_1478_4565.jpg,,https://images.memorix.nl/ranh/thumb/500x500/38e8a5e5-c984-d052-3abd-b02532ad798f.jpg,38e8a5e5-c984-d052-3abd-b02532ad798f,NL-HlmNHA_1478_4565,f19faa70-1003-499f-0417-901eb47b2324,39082,image/jp2,,,,,,,,,,
06511001-cfb1-2434-97ad-88a8bc6badb6,,duinen,Duinen,Foto's van een duinlandschap. Heeft mogelijk overeenkomsten met het label 'strand',dunes,Dunes,Photos of dunes.,NL-HlmNHA_1478_07363_G,,https://images.memorix.nl/ranh/thumb/500x500/336364f9-e0f3-c6c3-f77b-f951eb8e244f.jpg,336364f9-e0f3-c6c3-f77b-f951eb8e244f,NL-HlmNHA_1478_07363_G,02983a77-648f-c6e6-7555-839e66d965be,92035,image/jp2,,,,,,,,,,
0748aced-128a-a382-b7bc-62c853c16119,,kerk_binnen,Kerk binnen,Binnenkant  / interieur van een kerk ,church_indoor,Church indoor,a picture taken inside a church,NL-HlmNHA_1478_2374.jpg,,https://images.memorix.nl/ranh/thumb/500x500/cde005d4-ade5-f9d1-6242-76e6bab73f9a.jpg,cde005d4-ade5-f9d1-6242-76e6bab73f9a,NL-HlmNHA_1478_2374,a0160ae0-c326-89bd-b47b-0f7db3f319c3,67305,image/jp2,,,,,,,,,,
086db4c8-b874-7d48-1944-e81f0030d0d6,,opgraving,Opgraving,Foto's van een (archeologische) opgraving,excavation,Excavation,Picture of an excavation. ,NL-HlmNHA_1478_3232,,https://images.memorix.nl/ranh/thumb/500x500/ae279565-2f5b-c4dd-0396-7180d8e9afec.jpg,ae279565-2f5b-c4dd-0396-7180d8e9afec,NL-HlmNHA_1478_3232,ed4f9156-03fd-c6b0-a6e0-22ed7a3b3e19,38021,image/jp2,,,,,,,,,,
0988d5f4-bb6f-b657-7e61-630e9eeb5d04,,boten,Boten,Foto's waarin één of meerdere vaartuigen (boot / schip) centraal staan. Heeft mogelijk overeenkomsten met het label 'scheepswerf',boats,Boats,picture focusing on one or multiple boats,NL-HlmNHA_1478_3283.jpg,,https://images.memorix.nl/ranh/thumb/500x500/e186519b-f52b-da5a-3def-2dbdb4a36aa2.jpg,e186519b-f52b-da5a-3def-2dbdb4a36aa2,NL-HlmNHA_1478_3283,0ffbd58b-6d00-3598-789e-dcea278aef90,39525,image/jp2,,,,,,,,,,
0b183ba6-f519-f1b0-0ddc-567830ca44d9,,schaatsen,Schaatsen,Mensen die schaatsen op natuurijs of een ijsbaan,ice_skating,Ice skating,People skating on ice,NL-HlmNHA_1478_4894.jpg,,https://images.memorix.nl/ranh/thumb/500x500/bc9195d1-12e3-f120-e75c-8ef6cdc7f499.jpg,bc9195d1-12e3-f120-e75c-8ef6cdc7f499,NL-HlmNHA_1478_4894,f01bee87-d914-764d-dfbb-be2fe0904b98,71684,image/jp2,,,,,,,,,,
0bfe4e84-90fa-72c7-ce6f-2d841f6a84a6,,auto_ongeluk,Auto ongeluk,Verkeersongeluk met een auto,car_accident,Car accident,Traffic accident involving an automobile,NL-HlmNHA_1478_4996.jpg,,https://images.memorix.nl/ranh/thumb/500x500/60783e90-7624-754d-8799-8a2b1b2238d2.jpg,60783e90-7624-754d-8799-8a2b1b2238d2,NL-HlmNHA_1478_4996,cc45278d-6d6c-e4b4-edc2-fdc893ba5f96,74509,image/jp2,,,,,,,,,,
0c304df9-a4c1-8f22-57bf-65b5e7edcbe6,,binnen,Binnen,"Foto's die binnen in een gebouw, ruimte, of van het interieur zijn genomen",,,,NL-HlmNHA_1478_10475K00_28,,https://images.memorix.nl/ranh/thumb/500x500/e50eeebe-8543-9368-7af7-ca27e9f2cac6.jpg,e50eeebe-8543-9368-7af7-ca27e9f2cac6,NL-HlmNHA_1478_10475K00_28,a9b849a9-1ab8-4809-8beb-364b004f5cd5,152415,image/jp2,,,,,,,,,,
1047c920-6143-666f-7526-529d662fdfbc,,historisch_toneelstuk,Historisch toneelstuk,"Mensen die toneelspelen verkleed in historische kostuums, al dan niet met toeschouwers. Heeft mogeljk overeenkomsten met de labels 'theater' en 'carnaval'",historical_play,Historical play,People dressed up in historical garment enacting historical plays,NL-HlmNHA_1478_04372_G.jpg,,https://images.memorix.nl/ranh/thumb/500x500/e981d41f-9016-2a95-a68a-467a0e742514.jpg,e981d41f-9016-2a95-a68a-467a0e742514,NL-HlmNHA_1478_04372_G,8c5c5999-4995-f735-79c0-d3834616f3bb,90294,image/jp2,,,,,,,,,,
11c9339a-8275-c93b-8e58-30098d44609b,,speeltuin,Speeltuin,"Speelplaats voor kinderen, met of zonder spelende kinderen / speeltoestellen / speelveld",playground,Playground,People/Children playing in a playground.,NL-HlmNHA_1478_07886_01_G.jpg,,https://images.memorix.nl/ranh/thumb/500x500/3417bdfd-ba10-441e-5858-65ce7d08fcc7.jpg,3417bdfd-ba10-441e-5858-65ce7d08fcc7,NL-HlmNHA_1478_07886_01_G,86d9db05-ca5e-da37-a6d2-c51a364a01fa,174931,image/jp2,,,,,,,,,,
12ab16d1-2d0d-1e11-7cae-22a29ab9ce71,,keuken,Keuken,Foto's van een keuken / aanrecht / fornuis met of zonder mensen die eten bereiden / koken,kitchen,Kitchen,"People in kitchen, preparing food",NL-HlmNHA_1478_08562_G.jpg,,https://images.memorix.nl/ranh/thumb/500x500/5c2ac3e4-2218-0a26-d06f-c910e7e7b8f9.jpg,5c2ac3e4-2218-0a26-d06f-c910e7e7b8f9,NL-HlmNHA_1478_08562_G,668d5f3d-04f1-4be2-ca48-d67163509994,92379,image/jp2,,,,,,,,,,
169266ec-658f-c05e-7560-27327865a82f,,theater,Theater,Toneelopvoering voor publiek / podium en/of theaterzaal / acteurs die toneelspelen met toeschouwers / toeschouwers in een theaterzaal. Heeft mogelijk overeenkomsten met het label 'historisch_toneelstuk' en 'amfitheater',theater,Theater,Plays performed in a theatre setting,NL-HlmNHA_1478_02126_G.jpg,,https://images.memorix.nl/ranh/thumb/500x500/0828a469-1c42-8a91-1524-bd5265a37faf.jpg,0828a469-1c42-8a91-1524-bd5265a37faf,NL-HlmNHA_1478_02126_G,731a2721-9c38-ec93-9b99-ae34c73d939b,91077,image/jp2,,,,,,,,,,
19d24d3d-edf3-dceb-0182-0b1836a0ea4f,,begrafenis,Begrafenis,"Foto's van een begrafenis / plechtigheid rondom een ter aarde bestelling. Heeft mogelijk overeenkomsten met de labels 'begraafplaats', 'herdenking', 'optocht', 'bloemen' en/of 'kerk_binnen'",funeral,Funeral,"Pictures of a funeral. Similar to memorial and cemetery. Here we only choose pictures that show a casket or burial itself.Overlap with memorial, parade, cemetery, flowers, church indoor",NL-HlmNHA_1478_03546_G.jpg,,https://images.memorix.nl/ranh/thumb/500x500/1e01e2d3-2ed1-aa03-f2de-fe108465a331.jpg,1e01e2d3-2ed1-aa03-f2de-fe108465a331,NL-HlmNHA_1478_03546_G,81ad8b06-907e-1c9d-7c84-f21a47ff0b88,93866,image/jp2,,,,,,,,,,
19dd0c73-e0c7-50d8-4a0b-32b470ecf44a,,strand,Strand,Foto's van een kust- en/of strandlandschap / zand en/of branding. Heeft mogelijk overeenkomsten met het label 'duinen',beach,Beach,"If the beach is the picture's main focus, we select beach. ",NL-HlmNHA_1478_01612_G.jpg,,https://images.memorix.nl/ranh/thumb/500x500/75fe0dec-2fd8-b9ce-9d18-4d6e3b3aa7df.jpg,75fe0dec-2fd8-b9ce-9d18-4d6e3b3aa7df,NL-HlmNHA_1478_01612_G,b096b0e2-e3a3-a477-d3ca-da24599ddf45,91051,image/jp2,,,,,,,,,,
1d6c19c6-343a-1bf7-c7d4-7ac4bcbe511d,,maquette,Maquette,Foto's waarop een maquette centraal staat,maquette,Maquette,a picture of a maquette,NL-HlmNHA_1478_02612K00_25,,https://images.memorix.nl/ranh/thumb/500x500/e12b8fde-8b47-1451-d9be-6860058b31ef.jpg,e12b8fde-8b47-1451-d9be-6860058b31ef,NL-HlmNHA_1478_02612K00_25,92319fae-b562-af2e-4ef8-78c71dd24242,95291,image/jp2,,,,,,,,,,
1da309e9-56e8-882f-b48d-b88bd69e3fab,,cafe,Cafe,Binnen- of buitenkant van een café / bar / terras / het serveren of nuttigen van drankjes. Heeft mogelijk overeenkomsten met het label 'etende_mensen',bar,Bar,Area where drinks are served/consumed. ,NL-HlmNHA_1478_2938.jpg,,https://images.memorix.nl/ranh/thumb/500x500/1af9da4e-61cd-b68d-f5c6-4c104af00333.jpg,1af9da4e-61cd-b68d-f5c6-4c104af00333,NL-HlmNHA_1478_2938,f46cbc1e-aa41-df9f-cb6b-b29232f5796f,38821,image/jp2,,,,,,,,,,
1deda0df-3044-4c88-6734-f142d36e45ec,,scheepswerf,Scheepswerf,"Werkplaats voor het sleutelen aan vaartuigen (schepen / boten). Heeft mogelijk overeenkomsten met de labels 'boten', 'haven'",shipyard,Shipyard,Construction area for ships. ,NL-HlmNHA_1478_09409_G.jpg,,https://images.memorix.nl/ranh/thumb/500x500/f62384ba-bd92-1ab7-cc2a-69bef05c5e7a.jpg,f62384ba-bd92-1ab7-cc2a-69bef05c5e7a,NL-HlmNHA_1478_09409_G,0484a225-dfff-c572-20d7-dff5c6247c4d,92284,image/jp2,,,,,,,,,,
1f46c601-f2d8-cdc8-4fb6-f0902ab398dd,,casino,Casino,"Foto’s van een casino, met of zonder mensen. Heeft mogelijk overeenkomsten met het label ‘kaartspel’",casino,Casino,,NL-HlmNHA_1478_14605K00_11,,https://images.memorix.nl/ranh/thumb/500x500/894f0628-5317-3cb2-3618-25b916f6643e.jpg,894f0628-5317-3cb2-3618-25b916f6643e,NL-HlmNHA_1478_14605K00_11,a9b849a9-1ab8-4809-8beb-364b004f5cd5,130099,image/jp2,,,,,,,,,,
1f83148f-2618-e653-12bf-7395f3496f23,,standbeeld,Standbeeld,"Foto's waarin een driedimensionaal beeldhouwwerk, sculptuur of standbeeld centraal staat",statue,Statue,Pictures of sculptures/statues,NL-HlmNHA_1478_4186,,https://images.memorix.nl/ranh/thumb/500x500/926fe01a-0d35-0292-d4db-1c14212c9cca.jpg,926fe01a-0d35-0292-d4db-1c14212c9cca,NL-HlmNHA_1478_4186,677e4d34-9277-e4ab-c737-cdcf010b8b08,38616,image/jp2,,,,,,,,,,
20f2779d-9c21-0052-9289-52040fb4d54e,,herdenking,Herdenking,Foto's van een herdenkingsceremonie / gedenktekens en -monumenten. Heeft mogelijk overeenkomsten met het label 'begrafenis',memorial,Memorial,Depicting a memorial site.,NL-HlmNHA_1478_09624_03_G.jpg,,https://images.memorix.nl/ranh/thumb/500x500/916bc18e-9298-e487-fa86-739fe471bfc7.jpg,916bc18e-9298-e487-fa86-739fe471bfc7,NL-HlmNHA_1478_09624_03_G,7db26189-cc10-f9bc-f34c-b77763251254,91764,image/jp2,,,,,,,,,,
220f2447-3e8f-79dd-4005-c613c55973d3,,vuilnisbelt,Vuilnisbelt,Foto’s waarin een vuilnisbelt of vuilstort centraal staan,,,,NL-HlmNHA_1478_03791K00_20,,https://images.memorix.nl/ranh/thumb/500x500/173042e5-6dd7-5c45-a341-afbe7d535104.jpg,173042e5-6dd7-5c45-a341-afbe7d535104,NL-HlmNHA_1478_03791K00_20,a9b849a9-1ab8-4809-8beb-364b004f5cd5,81528,image/jp2,,,,,,,,,,
227d3a46-6018-7cd5-9d92-598256799b94,,dieren_overig,Dieren overig,"Foto's van dieren die niet vallen onder de labels 'eend', 'hond', 'kat', 'koe', 'konijn', 'paard', 'vogel' en 'zwaan'",animals,Animals,animals miscellaneous ,NL-HlmNHA_1478_5151.jpg,,https://images.memorix.nl/ranh/thumb/500x500/be9d6f53-6d75-cfad-5b8f-4964894db402.jpg,be9d6f53-6d75-cfad-5b8f-4964894db402,NL-HlmNHA_1478_5151,071d3354-b7fe-b88b-57f5-6805c2b691d6,71424,image/jp2,,,,,,,,,,
25fa0c76-63dd-58be-0265-8fcfa54db6e1,,sinterklaas,Sinterklaas,"Foto's van Sinterklaasfestiviteiten / foto's van Sinterklaas, pieten en/of het paard van Sinterklaas / Sinterklaasintocht / schoentje zetten",saint_niclaus,Saint niclaus,Pictures of the Saint Niclaus festivities,NL-HlmNHA_1478_2314.jpg,,https://images.memorix.nl/ranh/thumb/500x500/7e5705ef-3078-ca39-b978-028c95fa0ad7.jpg,7e5705ef-3078-ca39-b978-028c95fa0ad7,NL-HlmNHA_1478_2314,85cc9909-b60b-7bb8-1ff1-3cd8e28e6b3f,67482,image/jp2,,,,,,,,,,
2cb3db88-c09c-75da-8e3a-1e7fcf184a3c,,zaalvoetbal,Zaalvoetbal,Mensen die binnen voetbal spelen in een gymzaal / voetbalzaal. Heeft mogelijk overeenkomsten met het label 'voetbal',indoor_soccer,Indoor soccer,People playing indoor soccer,NL-HlmNHA_1478_20027K00_26.jpg,,https://images.memorix.nl/ranh/thumb/500x500/1aaf9678-513b-9228-d1b0-c65163cddd32.jpg,1aaf9678-513b-9228-d1b0-c65163cddd32,NL-HlmNHA_1478_20027K00_26,be356d5e-31d3-7fa2-eb88-2b67b70935cf,180224,image/jp2,,,,,,,,,,
2ce1cf5e-5fcf-1313-a758-73cef076f314,,ongeluk_brancard,Ongeluk brancard,Ongeluk / ongeval waarbij een (gewond) persoon op een brancard ligt,accident_stretcher,Accident stretcher,Accident involving an person on a stretcher,NL-HlmNHA_1478_04659_01_G.jpg,,https://images.memorix.nl/ranh/thumb/500x500/e331bdb8-7ae4-4721-0807-1d7a43eefe4c.jpg,e331bdb8-7ae4-4721-0807-1d7a43eefe4c,NL-HlmNHA_1478_04659_01_G,c9c26c73-b1bb-7535-0f39-1f2401bf9d00,171110,image/jp2,,,,,,,,,,
2efffa62-03ef-8c07-a898-9a996f30f08f,,windsurfen,Windsurfen,Foto's van mensen die windsurfen ,wind_surfing,Wind surfing,Pictures of people surfing,NL-HlmNHA_1478_24132K00_20,,https://images.memorix.nl/ranh/thumb/500x500/279c1651-e76c-8f65-f0c9-50bd926e998d.jpg,279c1651-e76c-8f65-f0c9-50bd926e998d,NL-HlmNHA_1478_24132K00_20,dbc55765-f2fb-1144-4159-f66778480814,98656,image/jp2,,,,,,,,,,
2fa16a49-b6ce-5bc4-1a2e-cb05b4242c95,,kapper,Kapper,Kapsalon en/of mensen die knippen / geknipt worden,hair_salon,Hair salon,Images that feature hairdressers or beauty salons,NL-HlmNHA_1478_3905.jpg,,https://images.memorix.nl/ranh/thumb/500x500/aaa3b0c3-6e0a-97f0-ee64-d0f9056eef51.jpg,aaa3b0c3-6e0a-97f0-ee64-d0f9056eef51,NL-HlmNHA_1478_3905,fe789982-fc55-f4a9-2ef8-581a167ed698,39369,image/jp2,,,,,,,,,,
38226bd1-158d-2be7-dd1e-154630710f05,,brand,Brand,Foto's van vuur en brand en/of afgebrande huizen / gebouwen,fire,Fire,"Pictures of fires, or building destroyed by fires. ",NL-HlmNHA_1478_03245_G.jpg,,https://images.memorix.nl/ranh/thumb/500x500/bd9a1101-464d-90c5-a526-3d41a14fd07b.jpg,bd9a1101-464d-90c5-a526-3d41a14fd07b,NL-HlmNHA_1478_03245_G,edb29beb-3de3-8204-e08a-92d4f4be07cc,170931,image/jp2,,,,,,,,,,
3aa4807e-e06f-ea00-96b4-69f55fb450b3,,biljart,Biljart,Foto’s van mensen die biljarten of snookeren. Heeft ook betrekking op foto's waarin sport met een biljarttafel centraal staat. Heeft mogelijk overeenkomsten met het label 'cafe',billiards,Billiards,,NL-HlmNHA_1478_14109K00_21,,https://images.memorix.nl/ranh/thumb/500x500/065e77c1-b8dd-118f-9cf9-432921c31fc4.jpg,065e77c1-b8dd-118f-9cf9-432921c31fc4,NL-HlmNHA_1478_14109K00_21,a9b849a9-1ab8-4809-8beb-364b004f5cd5,1503717,image/jp2,,,,,,,,,,
3aac1041-0758-22f5-a471-c76600055fb6,,tram,Tram,Foto's waarin een tram centraal staat,tram,Tram,Pictures of trams,NL-HlmNHA_1478_4945.jpg,,https://images.memorix.nl/ranh/thumb/500x500/8963897c-0b03-f527-b224-9d9a214a75c4.jpg,8963897c-0b03-f527-b224-9d9a214a75c4,NL-HlmNHA_1478_4945,46ec2bf6-bc8d-bb92-0704-c4f8047abe9e,45546,image/jp2,,,,,,,,,,
4056b08f-b889-75fd-d809-b3f0ecf3c1d0,,kermis,Kermis,Foto's van een kermis,fairground,Fairground,,NL-HlmNHA_1478_6528,,https://images.memorix.nl/ranh/thumb/500x500/10ac0340-dc90-c731-377f-a5c98d6d606b.jpg,10ac0340-dc90-c731-377f-a5c98d6d606b,NL-HlmNHA_1478_6528,960a2d03-6ce4-ad31-4221-57076dcefc15,46857,image/jp2,,,,,,,,,,
41c232c5-ba7c-87a9-2b7a-be37eb76af7e,,luchthaven,Luchthaven,,,,,,,,,,,,,,,,,,,,,,
42b2daf6-eaad-a3eb-ab9e-d31c080765c3,,bouwplaats,Bouwplaats,Plek in de openbare ruimte en/of buitenlucht waar constructiewerkzaamheden plaatsvinden omdat er iets gebouwd en/of afgebroken wordt ,construction_site,Construction site,"Construction site, this also includes pictures of demolitions.",NL-HlmNHA_1478_02699_G.jpg,,https://images.memorix.nl/ranh/thumb/500x500/94a37589-a951-f3e9-95cd-8a874da3f585.jpg,94a37589-a951-f3e9-95cd-8a874da3f585,NL-HlmNHA_1478_02699_G,c76cd419-7d25-3587-79f2-e581aaeac469,91035,image/jp2,,,,,,,,,,
43642043-b5da-888a-ccc7-f6715167a42a,,geestelijken,Geestelijken,"Foto's van een geestelijke, predikant, dominee en/of priester",clergy,Clergy,picture of clergymen (?),NL-HlmNHA_1478_08067_G.jpg,,https://images.memorix.nl/ranh/thumb/500x500/db80c7c7-b933-a2e2-e16a-062a23f32908.jpg,db80c7c7-b933-a2e2-e16a-062a23f32908,NL-HlmNHA_1478_08067_G,47cbad82-cb5c-b97c-be4a-e1031d85deae,90778,image/jp2,,,,,,,,,,
474f47b9-8ef4-5ece-6c43-c5a1020b6bfd,,boksen,Boksen,Foto's waarop mensen aan het boksen zijn,boxing,Boxing,People boxing,NL-HlmNHA_1478_07736K00_07,,https://images.memorix.nl/ranh/thumb/500x500/6710f3b8-e3f3-e969-c44c-ca12cc89f87a.jpg,6710f3b8-e3f3-e969-c44c-ca12cc89f87a,NL-HlmNHA_1478_07736K00_07,ffef9b56-d6b2-e56c-34f6-7a064676f847,120550,image/jp2,,,,,,,,,,
4bf7374b-084e-6d72-b196-d4e418254682,,vergaderruimte,Vergaderruimte,"Kamer of zaal met vergadertafel en -stoelen / mensen die (vaak) in een kring, al dan niet aan tafel, met elkaar in bespreking zijn",meeting_room,Meeting room,Setting features meeting table with people sitting around it,NL-HlmNHA_1478_2100.jpg,,https://images.memorix.nl/ranh/thumb/500x500/6b106633-5500-ebef-a81d-aea2752cf4cb.jpg,6b106633-5500-ebef-a81d-aea2752cf4cb,NL-HlmNHA_1478_2100,aac20f60-5d12-57b8-6949-48a0ec79f23e,64021,image/jp2,,,,,,,,,,
4e69c87b-3925-1869-c7c2-227208f46c74,,ziekenhuis,Ziekenhuis,Binnen- of buitenkant van een ziekenhuisgebouw / verplegingstehuis / medische attributen / arts en/of verplegers,hospital,Hospital,Pictures taken in a hospital/dentist/medical lab setting,NL-HlmNHA_1478_4742.jpg,,https://images.memorix.nl/ranh/thumb/500x500/dd53e375-c846-ae07-3fc0-9174061651d3.jpg,dd53e375-c846-ae07-3fc0-9174061651d3,NL-HlmNHA_1478_4742,f5a4f4fd-0cea-1a8f-e80c-57b324758355,39124,image/jp2,,,,,,,,,,
50359b71-5e1d-c81b-e550-e819280d3bcc,,mensen_op_een_boot,Mensen op een boot,"Mensen op een boot, schip of ander vaartuig",boat_deck,Boat deck,people on deck,NL-HlmNHA_1478_07405_01_G.jpg,,https://images.memorix.nl/ranh/thumb/500x500/235d7c54-0c43-628a-306a-60d8eeb0c298.jpg,235d7c54-0c43-628a-306a-60d8eeb0c298,NL-HlmNHA_1478_07405_01_G,e1e5a754-b583-3944-7972-6eccffd07270,90519,image/jp2,,,,,,,,,,
5059b072-8b5c-827a-9424-d69e55eb1a91,,kunstwerk,Kunstwerk,Foto's waarin een kunstwerk centraal staat en de omgeving van ondergeschikt belang is. Heeft mogelijk overeenkomsten met het label 'tentoonstelling'. Let op: foto's van driedemensionale sculpturen krijgen het label 'standbeeld' ,artwork,Artwork,"Artwork without people, the focus is on the art work.",NL-HlmNHA_1478_20029K00_35.jpg,,https://images.memorix.nl/ranh/thumb/500x500/59dcbf6d-66ed-d41a-9c00-ac9a1df1f522.jpg,59dcbf6d-66ed-d41a-9c00-ac9a1df1f522,NL-HlmNHA_1478_20029K00_35,a6ba8593-fb83-fe4e-0517-814c276d8b40,177334,image/jp2,,,,,,,,,,
5350aa7e-7ce2-2908-de09-edcfc1de2ce8,,motorfiets,Motorfiets,"Foto's waarin één of meerdere motorvoertuigen (op twee wielen) centraal staan, zoals een brommer / bromfiets / scooter. Ook motorraces vallen in deze categorie.",motorcycle,Motorcycle,Depicting motorcycle(s),NL-HlmNHA_1478_09125_G,,https://images.memorix.nl/ranh/thumb/500x500/c8f586ef-7776-68fb-f0e3-e14f2aae3954.jpg,c8f586ef-7776-68fb-f0e3-e14f2aae3954,NL-HlmNHA_1478_09125_G,73045649-156f-52b3-cb1b-61bd327618c6,90048,image/jp2,,,,,,,,,,
5366108c-5105-a18f-3644-5d361dddd0e4,,mensen_op_trap,Mensen op trap,Een persoon of meerdere personen op een trap ,people_on_stairs,People on stairs,,NL-HlmNHA_1478_1812,,https://images.memorix.nl/ranh/thumb/500x500/54ef358e-a2f3-cb46-2f45-9f22818ce164.jpg,54ef358e-a2f3-cb46-2f45-9f22818ce164,NL-HlmNHA_1478_1812,8c0db5d5-d8b7-b763-d42d-b2263151af8f,39698,image/jp2,,,,,,,,,,
54b7e786-c900-f102-4ff0-3cf505bdef33,,vijver_plas,Vijver plas,"Foto's waarin een vijver, plas en/of meertje centraal staan. Let op: water dat duidelijk één bepaalde richting op stroomt krijgt het label 'waterweg'",pond,Pond,Scenery of a pond. ,NL-HlmNHA_1478_03011_G.jpg,,https://images.memorix.nl/ranh/thumb/500x500/3ee9ff67-c6ab-7cdf-15e9-a0e2fe431960.jpg,3ee9ff67-c6ab-7cdf-15e9-a0e2fe431960,NL-HlmNHA_1478_03011_G,e7c7665d-b00d-75e8-c515-515ab8e98ab8,90934,image/jp2,,,,,,,,,,
57c77c9c-655f-ac10-9b42-d2640f84ed62,,fabriek,Fabriek,Binnen- of buitenkant van een fabrieksgebouw of meerdere fabrieksgebouwen / lopende band / grootschalige productiewerkplaatsen / productiefaciliteiten ,factory,Factory,Pictures of factories/assembly lines/production facilities,NL-HlmNHA_1478_3421.jpg,,https://images.memorix.nl/ranh/thumb/500x500/c5b0665b-36e4-f649-9791-83b4d22559e9.jpg,c5b0665b-36e4-f649-9791-83b4d22559e9,NL-HlmNHA_1478_3421,45325d2b-a506-df46-63f3-feec58ee82d7,39043,image/jp2,,,,,,,,,,
5da7ddba-7fbc-cf76-a750-d57bc8afc0d0,,woonkamer,Woonkamer,"Foto's van een huiskamer, met of zonder mensen",living_room,Living room,People situated in a living room space.,NL-HlmNHA_1478_3584.jpg,,https://images.memorix.nl/ranh/thumb/500x500/66b7f98d-0aa9-590d-142d-11cf567c9b80.jpg,66b7f98d-0aa9-590d-142d-11cf567c9b80,NL-HlmNHA_1478_3584,0c023cb1-d6ec-d9fe-698a-e9703cf98228,38956,image/jp2,,,,,,,,,,
5de82b1a-e445-942e-a9e1-39ce169add60,,ontvangst_afscheid,Ontvangst afscheid,Mensen die elkaar begroeten en/of afscheid nemen / handschudden / zwaaien,welcome_goodbye,Welcome goodbye,people welcoming or saying goodbye,NL-HlmNHA_1478_04647_G,,https://images.memorix.nl/ranh/thumb/500x500/1cc4ed6e-9ce4-45b5-1732-ff65cf66db1b.jpg,1cc4ed6e-9ce4-45b5-1732-ff65cf66db1b,NL-HlmNHA_1478_04647_G,b31a7258-ce16-6267-beea-2c3baa65b0db,91515,image/jp2,,,,,,,,,,
5f261977-2ee0-3e45-8ad7-53ab45d2a466,,circus,Circus,Foto's van een circus / circusact / circuspiste,circus,Circus,Pictures taken of a circus activities. The outside of the circus tent is categorized as tent. ,NL-HlmNHA_1478_01773_G.jpg,,https://images.memorix.nl/ranh/thumb/500x500/5a3e0a35-a0a8-f07e-6ed6-6e0d5488213e.jpg,5a3e0a35-a0a8-f07e-6ed6-6e0d5488213e,NL-HlmNHA_1478_01773_G,da562de4-d135-c492-634c-0a51804cc8bb,92281,image/jp2,,,,,,,,,,
6534e494-1fcd-1784-ba9f-2fd66f3b0e32,,hockey,Hockey,Mensen die hockey spelen,field_hockey,Field hockey,People playing field hockey,NL-HlmNHA_1478_20010K00_05.jpg,,https://images.memorix.nl/ranh/thumb/500x500/c775de9c-ba03-a401-411e-824b60c2fd44.jpg,c775de9c-ba03-a401-411e-824b60c2fd44,NL-HlmNHA_1478_20010K00_05,5e00b0e2-cd32-e7ee-c5a5-17bbf2c0463d,179996,image/jp2,,,,,,,,,,
6687f90e-798d-5a52-6abd-dfd7d9b4bf2a,,demonstratie,Demonstratie,Protesterende en/of demonstrerende mensen / spandoeken en/of protestborden / mensen die zichtbaar scanderen. Heeft mogelijk overeenkomsten met het label 'optocht',protest,Protest,"People protesting, banners clear signal",NL-HlmNHA_1478_4776.jpg,,https://images.memorix.nl/ranh/thumb/500x500/d37c0c82-2508-cd82-1e03-2610cde1e574.jpg,d37c0c82-2508-cd82-1e03-2610cde1e574,NL-HlmNHA_1478_4776,aab18e5d-9476-9140-15ff-734e455a0157,38912,image/jp2,,,,,,,,,,
66d3272b-dc63-c875-b7a1-a15f38b87df4,,gymnastiek,Gymnastiek,Mensen die gymnastiek beoefenen (zowel binnen als buiten) en waarop de labels 'circus' of 'dansende_mensen' niet van toepassing zijn,gymnastics,Gymnastics,people performing gymnastics indoor and outdoor,NL-HlmNHA_1478_04699_G.jpg,,https://images.memorix.nl/ranh/thumb/500x500/5d3f4e8f-916f-26ac-48af-81526203843f.jpg,5d3f4e8f-916f-26ac-48af-81526203843f,NL-HlmNHA_1478_04699_G,e1b0fc58-1080-3915-1b1c-1ac02720b69b,91020,image/jp2,,,,,,,,,,
6ff8044e-49e7-1f15-2a95-fe6aa68b73e8,,kantoor,Kantoor,Binnenkant van een werkomgeving met of zonder mensen / bureautafels / computers / kantoorwerkplekken,office,Office,Pictures set in an office environment,NL-HlmNHA_1478_4027.jpg,,https://images.memorix.nl/ranh/thumb/500x500/a9f26398-343a-a4ae-525b-733906ffaa5a.jpg,a9f26398-343a-a4ae-525b-733906ffaa5a,NL-HlmNHA_1478_4027,3da4f226-fc86-8a71-bbc4-bd098cbd0e67,38991,image/jp2,,,,,,,,,,
70220364-262f-1396-f727-e8c114ed37ad,,auto,Auto,Foto's waarin één auto of meerdere auto's centraal staan,car,Car,Pictures that focus on a car,NL-HlmNHA_1478_04712_G.jpg,,https://images.memorix.nl/ranh/thumb/500x500/395a48a6-db26-59ea-d6ba-028d3edcd137.jpg,395a48a6-db26-59ea-d6ba-028d3edcd137,NL-HlmNHA_1478_04712_G,f8c5793a-baf1-1391-90ef-a08f16c353b6,91125,image/jp2,,,,,,,,,,
706a532f-8468-4566-b226-969428487150,,terras,Terras,"Foto's van een terras, met of zonder mensen",patio,Patio,Pictures of people sitting on a patio,NL-HlmNHA_1478_2878,,https://images.memorix.nl/ranh/thumb/500x500/f332229c-55c4-d252-0342-7768e22b37a2.jpg,f332229c-55c4-d252-0342-7768e22b37a2,NL-HlmNHA_1478_2878,eb6e8959-437b-f060-06a3-76ca51e19d87,38520,image/jp2,,,,,,,,,,
716595d3-8302-c8ce-3dd7-cc094a31a170,,uitreiking_huldiging,Uitreiking huldiging,"Ceremoniële situatie (of receptie) waarbij een prijs, certificaat of diploma uitgereikt en/of in ontvangst genomen wordt, meestal met toeschouwers / huldiging van één of meerdere personen door middel van een medaille, bloemen, formele onderscheiding  ",ceremony_,Ceremony ,"A group of people bundled together for a ceremony. This could be awards, flowers, or a medal.",NL-HlmNHA_1478_1929.jpg,,https://images.memorix.nl/ranh/thumb/500x500/13332dcf-dfa7-f15c-c057-282bc1135380.jpg,13332dcf-dfa7-f15c-c057-282bc1135380,NL-HlmNHA_1478_1929,521a2e99-4e40-4c97-1b5e-751c0c92bb7e,74680,image/jp2,,,,,,,,,,
72f3d178-5079-6d8f-3052-c433bf564b98,,amfitheater,Amfitheater,"Foto's van een amfitheater, een open theateropstelling in de buitenlucht",amphitheater,Amphitheater,Picture of an amphitheater,NL-HlmNHA_1478_08194_G.jpg,,https://images.memorix.nl/ranh/thumb/500x500/87e5cae5-e72a-8652-688b-0a5f0f2cfce1.jpg,87e5cae5-e72a-8652-688b-0a5f0f2cfce1,NL-HlmNHA_1478_08194_G,a8a9b085-a197-c3db-66ce-cc0d05518ce4,91650,image/jp2,,,,,,,,,,
73462d2b-cd76-a85e-c17e-2b80387214d3,,sport_overig,Sport overig,"Foto’s van sport die niet de volgende labels betreffen: 'basketbal_korfbal', 'biljart', 'boksen', 'cricket', 'golf', 'handbal', 'hockey', 'honkbal', 'roeien', 'rugby', 'schaatsen', 'schaken_dammen', 'tafel_tennis', 'tennis', 'vechtsport', 'voetbal, 'volleybal', 'waterpolo', 'wielrennen', 'windsurfen' en 'zaalvoetbal'",sports,Sports,,NL-HlmNHA_1478_30269K00_23,,https://images.memorix.nl/ranh/thumb/500x500/42920223-f051-64a3-9ef3-749677cd7c66.jpg,42920223-f051-64a3-9ef3-749677cd7c66,NL-HlmNHA_1478_30269K00_23,a9b849a9-1ab8-4809-8beb-364b004f5cd5,1715641,image/jp2,,,,,,,,,,
7ab5c31c-f58c-5305-d70b-74ee936db03c,,militair,Militair,Foto's van militairen / mensen met militaire uniformen / militaire voertuigen,military,Military,picture with military personnel,NL-HlmNHA_1478_08343_G.jpg,,https://images.memorix.nl/ranh/thumb/500x500/bcbad312-8235-4097-d859-2f3bbd3791bf.jpg,bcbad312-8235-4097-d859-2f3bbd3791bf,NL-HlmNHA_1478_08343_G,cf755101-83db-66af-3b21-5c5397f2dfec,90338,image/jp2,,,,,,,,,,
7cc6deb8-3e98-1f09-0dce-e67f36e1f3c4,,hond,Hond,Foto's waarin één hond of meerdere honden centraal staan,dog,Dog,,NL-HlmNHA_1478_09898_01B_G,,https://images.memorix.nl/ranh/thumb/500x500/32887823-c34e-50db-8967-fa162e1f8193.jpg,32887823-c34e-50db-8967-fa162e1f8193,NL-HlmNHA_1478_09898_01B_G,196a5255-5e4a-af19-0da3-9c3b53f63597,90675,image/jp2,,,,,,,,,,
7dbc6a7e-4258-2434-bc3d-567164764912,,buiten_zwembad,Buiten zwembad,Foto's van een buitenzwembad. Heeft mogelijk overeenkomsten met het label 'binnen_zwembad',outdoor_swimming_pool,Outdoor swimming pool,,NL-HlmNHA_1478_10253_G,,https://images.memorix.nl/ranh/thumb/500x500/66a16b3b-8c4b-d401-83fd-0d70a4d808d0.jpg,66a16b3b-8c4b-d401-83fd-0d70a4d808d0,NL-HlmNHA_1478_10253_G,57d0a7cc-4774-aa48-eacf-4d1da0983363,90491,image/jp2,,,,,,,,,,
7e4878ac-2e24-1ea0-2772-47302843ec4c,,kerstmis,Kerstmis,Foto's met een duidelijke kerstsfeer / kerstboom / kerstman / kerstversieringen,christmas,Christmas,pictures taken in a christmas setting,NL-HlmNHA_1478_00530K00_24,,https://images.memorix.nl/ranh/thumb/500x500/64e784e0-c500-2f65-0eaf-cc77d247a140.jpg,64e784e0-c500-2f65-0eaf-cc77d247a140,NL-HlmNHA_1478_00530K00_24,26feec77-581e-3b20-1899-4bce0917c33b,107596,image/jp2,,,,,,,,,,
7ef0d313-4b9e-6c15-fb3c-95790a3d65b4,,tennis,Tennis,Foto's van mensen die aan het tennissen zijn,tennis,Tennis,Pictures of people playing tennis,NL-HlmNHA_1478_28740K00_24,,https://images.memorix.nl/ranh/thumb/500x500/104917c3-de8e-b514-b56c-b54b8bc3f024.jpg,104917c3-de8e-b514-b56c-b54b8bc3f024,NL-HlmNHA_1478_28740K00_24,2d0636e6-b63e-bbea-bdb6-b7c7eb47d6bd,100275,image/jp2,,,,,,,,,,
834c6f5f-6887-8d4e-9a7b-42385d64cf96,,konijn,Konijn,Foto's waarin een konijn of meerdere konijnen centraal staan,rabbit,Rabbit,,NL-HlmNHA_1478_07641_G,,https://images.memorix.nl/ranh/thumb/500x500/8705cfe2-3e3f-2fe8-a41e-a2542d3bd847.jpg,8705cfe2-3e3f-2fe8-a41e-a2542d3bd847,NL-HlmNHA_1478_07641_G,cce25bf3-9514-2766-7374-4cafa3a271c3,91639,image/jp2,,,,,,,,,,
84300011-c25a-abf9-05fe-9ac5b3ebcd59,,trein_station,Trein station,"Foto's van een treinstationsgebouw, perrons en aankomende of vertrekkende treinen / treinstationelementen zoals een vertrektijdenbord. Mogelijk overeenkomsten met het label 'trein'",train_station,Train station,"Pictures of train stations, trains at stations etc..",NL-HlmNHA_1478_08998_G.jpg,,https://images.memorix.nl/ranh/thumb/500x500/99a216d1-2cff-bc3c-6d4e-757563bd2384.jpg,99a216d1-2cff-bc3c-6d4e-757563bd2384,NL-HlmNHA_1478_08998_G,8e0f29e8-44fb-e178-1c85-5c7c29ad4d76,90492,image/jp2,,,,,,,,,,
87757ebc-289d-32e3-6749-cfc41f17ca64,,mensenmassa,Mensenmassa,Grote groep mensen die niet poseren voor de foto,crowd,Crowd,large group of people (not posing),NL-HlmNHA_1478_2589.jpg,,https://images.memorix.nl/ranh/thumb/500x500/f23a5a20-eaee-532c-51ca-ed88073fa383.jpg,f23a5a20-eaee-532c-51ca-ed88073fa383,NL-HlmNHA_1478_2589,5e53423a-da5d-d00a-9416-a6258b45be05,35665,image/jp2,,,,,,,,,,
895057d1-f028-e1e2-d723-583498ff62e0,,windmolen,Windmolen,Foto's waarin één molen of meerdere molens centraal staan,wind_mill,Wind mill,Pictures that contain a windmill,NL-HlmNHA_1478_6018.jpg,,https://images.memorix.nl/ranh/thumb/500x500/37af4bc2-3ca4-80d3-0d2a-ff1c8d2dcef6.jpg,37af4bc2-3ca4-80d3-0d2a-ff1c8d2dcef6,NL-HlmNHA_1478_6018,8229109e-8fe7-4822-75ca-c1be26c22f8a,74423,image/jp2,,,,,,,,,,
89d20b42-21b2-b79f-b494-53e0de5d176d,,bruiloft,Bruiloft,Huwelijksfeest en/of -ceremonie / bruidspaar / bruidskinderen / bruidstaart,wedding,Wedding,"Depicting a marriage couple, marriage ceremony",NL-HlmNHA_1478_09181_02_G.jpg,,https://images.memorix.nl/ranh/thumb/500x500/9dc19d8c-b54f-8ab2-982a-383cbcb32fd0.jpg,9dc19d8c-b54f-8ab2-982a-383cbcb32fd0,NL-HlmNHA_1478_09181_02_G,72476bae-97e4-07f1-4a96-f8046f67f01c,91128,image/jp2,,,,,,,,,,
8baa6a68-94d5-862f-803f-fda90117a4d5,,klaslokaal,Klaslokaal,"Studenten, leerlingen, scholieren, leerkrachten en/of docenten in een klaslokaal / leeg klaslokaal",classroom,Classroom,Students inside a classroom,NL-HlmNHA_1478_4827.jpg,,https://images.memorix.nl/ranh/thumb/500x500/ad08feec-7123-dcfb-701e-e9d0ae4774eb.jpg,ad08feec-7123-dcfb-701e-e9d0ae4774eb,NL-HlmNHA_1478_4827,75e079c0-1922-d0f9-5ef8-f5785b1118d9,39418,image/jp2,,,,,,,,,,
8e826567-c7db-d67c-61c8-23917f87030b,,toren,Toren,Foto's waarin een toren of meerdere torens centraal staan,tower,Tower,Pictures of towers,NL-HlmNHA_1478_4477.jpg,,https://images.memorix.nl/ranh/thumb/500x500/6abc1245-8a0c-ffa2-283f-2fafafa196ad.jpg,6abc1245-8a0c-ffa2-283f-2fafafa196ad,NL-HlmNHA_1478_4477,d4902f87-937c-4cdf-3256-01f21435fd1d,38980,image/jp2,,,,,,,,,,
8f25f9f8-5af1-14d9-7600-48bac38a447f,,zwaa,Zwaa,,,,,,,,,,,,,,,,,,,,,,
91115922-6ef3-4532-df91-5b5f6b7212d3,,plattegrond,Plattegrond,Foto's van een plattegrond / routekaart / landkaart,maps,Maps,maps,NL-HlmNHA_1478_03391_G.jpg,,https://images.memorix.nl/ranh/thumb/500x500/5c1e82b2-5b61-20a8-6123-58d3fb73a42c.jpg,5c1e82b2-5b61-20a8-6123-58d3fb73a42c,NL-HlmNHA_1478_03391_G,5fb6aa45-0d31-7398-ccc8-cc2461386754,90095,image/jp2,,,,,,,,,,
9219934b-ea10-0d9d-58c5-793ed8068935,,binnen_zwembad,Binnen zwembad,Foto's van een binnenzwembad. Heeft mogelijk overeenkomsten met het label 'buiten_zwembad',indoor_pool,Indoor pool,,NL-HlmNHA_1478_03196_02_G,,https://images.memorix.nl/ranh/thumb/500x500/d39cd410-8934-8de6-49c3-cc08bccea89e.jpg,d39cd410-8934-8de6-49c3-cc08bccea89e,NL-HlmNHA_1478_03196_02_G,df38fc08-0456-438f-dae0-1689624a3ee1,90914,image/jp2,,,,,,,,,,
93801266-ad93-bd18-44c4-d6512f9c8d54,,bordspel,Bordspel,"Foto’s van mensen die een bordspel spelen, of van het bordspel zelf. Betreft niet foto’s die onder het label 'schaken_dammen'. Heeft mogelijk overeenkomsten met het label ‘kaartspel’",,,,NL-HlmNHA_1478_20014K00_13,,https://images.memorix.nl/ranh/thumb/500x500/eb736bad-1413-a9ea-7682-b01e90ce8ca5.jpg,eb736bad-1413-a9ea-7682-b01e90ce8ca5,NL-HlmNHA_1478_20014K00_13,a9b849a9-1ab8-4809-8beb-364b004f5cd5,131846,image/jp2,,,,,,,,,,
94fefc39-1f7c-45af-2b52-c4daf0ff5f02,,honkbal,Honkbal,Mensen die honkbal of softbal spelen,baseball,Baseball,People playing baseball,NL-HlmNHA_1478_00007K00_02,,https://images.memorix.nl/ranh/thumb/500x500/73360f2d-429d-1ef6-4dbb-5c425ac1d2d5.jpg,73360f2d-429d-1ef6-4dbb-5c425ac1d2d5,NL-HlmNHA_1478_00007K00_02,cefc7877-9038-8609-e58e-753abd66694a,179486,image/jp2,,,,,,,,,,
9571146c-71de-7477-b892-3c6f0dba1d7e,,gebouw,Gebouw,"Foto's waarin een gebouw en diens architectuur centraal staat en waarop de labels 'fabriek', 'huisje', 'kerk_buiten', 'windmolen' en 'ziekenhuis' niet van toepassing is",building,Building,Picture of a building,NL-HlmNHA_1478_2308,,https://images.memorix.nl/ranh/thumb/500x500/9c7c7542-d8fa-50e9-3158-e4493dd1698a.jpg,9c7c7542-d8fa-50e9-3158-e4493dd1698a,NL-HlmNHA_1478_2308,8f89fa48-499d-2fc0-6924-9fdc8fff3825,47077,image/jp2,,,,,,,,,,
97a2afcc-7548-3055-09d9-adfbe7044cd1,,tafel_tennis,Tafel tennis,Foto's van mensen die aan het tafeltennissen zijn,table_tennis,Table tennis,,NL-HlmNHA_1478_21489K01_29,,https://images.memorix.nl/ranh/thumb/500x500/c205db36-18a6-b986-7a5f-a8374fbb2c15.jpg,c205db36-18a6-b986-7a5f-a8374fbb2c15,NL-HlmNHA_1478_21489K01_29,33716b41-9c4d-0044-2e21-d91c9bb1df69,99894,image/jp2,,,,,,,,,,
989f2e1f-d01f-c447-eac9-c9cf7b68d5a7,,trein_ongeluk,Trein ongeluk,Ongeluk op een spoorbaan met een trein,train_accident,Train accident,Traffic accident involving an train,NL-HlmNHA_1478_20141K00_01.jpg,,https://images.memorix.nl/ranh/thumb/500x500/1afdc0c3-b467-3b26-3c70-61a1248579e0.jpg,1afdc0c3-b467-3b26-3c70-61a1248579e0,NL-HlmNHA_1478_20141K00_01,f83a88df-d4bc-9198-9ab1-2f2dd3617089,180290,image/jp2,,,,,,,,,,
9a1710fc-278e-c11e-e3d5-5c4587324dd3,,kaartspel,Kaartspel,Foto's waarop mensen aan het kaarten zijn. Heeft mogelijk overeenkomsten met het label 'casino',playing_cards,Playing cards,People playing cards,NL-HlmNHA_1478_15368K00_15,,https://images.memorix.nl/ranh/thumb/500x500/7e0f1051-1ae5-af5a-7e32-1b0d722a8c88.jpg,7e0f1051-1ae5-af5a-7e32-1b0d722a8c88,NL-HlmNHA_1478_15368K00_15,fd911260-fafb-8c16-901f-ad4cb53bbf8c,93525,image/jp2,,,,,,,,,,
9a69c879-9fd6-d3b5-dc69-5e144700a61c,,roeien,Roeien,Mensen die roeien met een roeiboot,rowing,Rowing,People rowing,NL-HlmNHA_1478_4662.jpg,,https://images.memorix.nl/ranh/thumb/500x500/f157c1a7-94fb-93fd-908c-4a038953f02c.jpg,f157c1a7-94fb-93fd-908c-4a038953f02c,NL-HlmNHA_1478_4662,dd381c2d-f20b-f82e-d0aa-61038b52b793,75288,image/jp2,,,,,,,,,,
9b260cc7-acd5-cb0d-e983-8b47147e03db,,kat,Kat,Foto’s waarin een of meerdere katten centraal staan,cat,Cat,,NL-HlmNHA_1478_18479K01_21,,https://images.memorix.nl/ranh/thumb/500x500/5de4cd89-1b19-8d3b-b150-591e49568586.jpg,5de4cd89-1b19-8d3b-b150-591e49568586,NL-HlmNHA_1478_18479K01_21,a9b849a9-1ab8-4809-8beb-364b004f5cd5,129673,image/jp2,,,,,,,,,,
9b975476-aa14-6e4d-1d71-e7db3d82285e,,groepsportret,Groepsportret,Foto's met drie of meer personen die poseren voor de foto,group_portait,Group portait,,NL-HlmNHA_1478_01856_G.jpg,,https://images.memorix.nl/ranh/thumb/500x500/aea55d55-0317-05e9-a5ca-7be9ef097559.jpg,aea55d55-0317-05e9-a5ca-7be9ef097559,NL-HlmNHA_1478_01856_G,be6d674b-7e9e-976a-31bb-48734956f052,90884,image/jp2,,,,,,,,,,
9c838793-6993-d946-2f2d-16592a3bd6ac,,winkelstraat,Winkelstraat,"Foto's van een straat met meerdere winkels, met of zonder mensen / foto's van winkelende mensen. Heeft mogelijk overeenkomsten met het label 'straat'",shopping_street,Shopping street,Depicting street of shops/shoppers,NL-HlmNHA_1478_2165.jpg,,https://images.memorix.nl/ranh/thumb/500x500/30ae9216-c76c-1ab4-c16c-d779d8202093.jpg,30ae9216-c76c-1ab4-c16c-d779d8202093,NL-HlmNHA_1478_2165,efa5b274-dabe-a1c6-2aa2-82d30b7e5933,36556,image/jp2,,,,,,,,,,
9c9fdd99-5832-a001-3ac0-6938d00e4c74,,speech,Speech,"Foto's van iemand die publiek toespreekt, al dan niet met microfoon. Heeft mogelijk overeenkomsten met het label 'aula'",speech,Speech,someone (in front of a microphone) giving a speech,NL-HlmNHA_1478_1988.jpg,,https://images.memorix.nl/ranh/thumb/500x500/312b5b8b-8312-ebfd-e572-5d1a968d4480.jpg,312b5b8b-8312-ebfd-e572-5d1a968d4480,NL-HlmNHA_1478_1988,ab5547c2-d8eb-8966-d82d-325efc471b6f,37486,image/jp2,,,,,,,,,,
9e9bc5f1-d892-9c81-a462-f268b6f8816d,,winkel_binnen,Winkel binnen,"Binnenkant / interieur van een winkel waarin producten verkocht worden / winkelschappen en/of rekken / toonbank waarbij de labels 'bakkerij', 'biliotheek_boekenwinkel', 'slagerij' niet van toepassing zijn",shop_interior,Shop interior,Photos of different kinds of shop interiors. ,NL-HlmNHA_1478_1559.jpg,,https://images.memorix.nl/ranh/thumb/500x500/a618bda9-b62b-ce8b-3416-c5c92102dc13.jpg,a618bda9-b62b-ce8b-3416-c5c92102dc13,NL-HlmNHA_1478_1559,6ba8089c-c1bb-768b-511a-878adcd3d70e,39217,image/jp2,,,,,,,,,,
a2c04c1b-b694-0bd1-00c3-9cf454601322,,rugby,Rugby,Foto's van mensen die aan het rugbyen zijn,rugby,Rugby,Pictures of people playing rugby,NL-HlmNHA_1478_19249K00_36,,https://images.memorix.nl/ranh/thumb/500x500/00e507d3-2fb2-3ae3-98a1-09ad8385af9b.jpg,00e507d3-2fb2-3ae3-98a1-09ad8385af9b,NL-HlmNHA_1478_19249K00_36,702cee72-59d1-5af5-2a10-d9ce5acd1525,95718,image/jp2,,,,,,,,,,
a2c47bdc-ae1f-8dd4-8e2d-3df8a28a03c6,,portret,Portret,Portret van één of twee mensen die poseren voor de foto,portrait,Portrait,portrait of one or two people posing,NL-HlmNHA_1478_4063.jpg,,https://images.memorix.nl/ranh/thumb/500x500/03b2a186-ed91-3ab2-97be-70578c2bddef.jpg,03b2a186-ed91-3ab2-97be-70578c2bddef,NL-HlmNHA_1478_4063,f2afaeec-96fd-3051-7646-7ed48a893fa9,66761,image/jp2,,,,,,,,,,
a30f9e03-8373-0b41-0399-e46227e29156,,helikopter,Helikopter,Foto’s waarin een of meerdere helikopters centraal staan,helicopter,Helicopter,,NL-HlmNHA_1478_13306K00_04,,https://images.memorix.nl/ranh/thumb/500x500/c4362d0c-0e97-5a94-fbbd-5daaabc18619.jpg,c4362d0c-0e97-5a94-fbbd-5daaabc18619,NL-HlmNHA_1478_13306K00_04,a9b849a9-1ab8-4809-8beb-364b004f5cd5,130354,image/jp2,,,,,,,,,,
a74a8834-b7f6-c2b6-b27f-2be60d6e4fb6,,markt,Markt,"Markt of beurs met marktkramen, stands en/of kleedjes in een markthal (binnen) of in de buitenlucht (buiten)",market_,Market,indoor/outdoor market/shopping fair,NL-HlmNHA_1478_3456.jpg,,https://images.memorix.nl/ranh/thumb/500x500/3c165cfa-0e96-946e-10e3-c5f322c55220.jpg,3c165cfa-0e96-946e-10e3-c5f322c55220,NL-HlmNHA_1478_3456,124de65e-af6a-d350-c939-7d8d186b58ad,39602,image/jp2,,,,,,,,,,
a89ec6db-8856-594e-7266-5aa73abf4e93,,zeepkistenrace,Zeepkistenrace,Foto's van een race met zeepkisten (zelfgemaakte voertuigen zonder motor),soapbox_race,Soapbox race,,NL-HlmNHA_1478_2602.jpg,,https://images.memorix.nl/ranh/thumb/500x500/f8ae8f25-f08f-91e1-c10b-34c9fd837cef.jpg,f8ae8f25-f08f-91e1-c10b-34c9fd837cef,NL-HlmNHA_1478_2602,3e8a5b15-86bc-2178-15fe-8b0e52c2d4db,74526,image/jp2,,,,,,,,,,
acde7e0b-44fd-2607-d8a3-e2888b4aacf2,,bloemen,Bloemen,Foto's waarin één (snij)bloem of meerdere (snij)bloemen centraal staan. Heeft mogelijk overeenkomsten met het label 'bloementuin' ,flowers,Flowers,Picture in which one or more flowers are the central object,NL-HlmNHA_1478_08160_G,,https://images.memorix.nl/ranh/thumb/500x500/71f78905-ed2f-f072-168f-9af6aed4f641.jpg,71f78905-ed2f-f072-168f-9af6aed4f641,NL-HlmNHA_1478_08160_G,43a31892-aa3f-67d1-083d-d84947f53c96,90833,image/jp2,,,,,,,,,,
ad0117bb-fe7c-0c73-49f0-f6510c047620,,eend,Eend,Foto's waarin een eend of meerdere eenden centraal staan,duck,Duck,picture featuring one or more ducks,NL-HlmNHA_1478_00033K00_19,,https://images.memorix.nl/ranh/thumb/500x500/a9a93a78-2da3-8898-4c91-8ea6c0b33931.jpg,a9a93a78-2da3-8898-4c91-8ea6c0b33931,NL-HlmNHA_1478_00033K00_19,d3d3a6ad-c3f9-c62d-9c22-6434c27e1cf1,180073,image/jp2,,,,,,,,,,
ae1ee599-e9cc-f5cd-fd36-1928117575cb,,waterweg,Waterweg,Foto's van water dat één bepaalde richting op stroomt / grachten en/of kanalen / rivieren en/of beekjes,riverway,Riverway,"Flow of water, also includes natural flow of water rivers.",NL-HlmNHA_1478_03065_G.jpg,,https://images.memorix.nl/ranh/thumb/500x500/a3e88047-cd38-f78e-8a9e-a186e3fbbafb.jpg,a3e88047-cd38-f78e-8a9e-a186e3fbbafb,NL-HlmNHA_1478_03065_G,f6544ecd-63f7-1f8f-5fef-0e8037258f2b,91595,image/jp2,,,,,,,,,,
b020c660-15d6-f348-e506-e5ef93f721b0,,aula,Aula,"Gebouw of zaal voor toespraken en lezingen, met of zonder toeschouwers. Heeft mogelijk overeenkomsten met het label 'toespraak'",auditorium,Auditorium,"Public building (used for speeches, performances) with seated audience. Pictures with and without audiences. Overlap with categories `conference room` and `speech'",NL-HlmNHA_1478_2725.jpg,,https://images.memorix.nl/ranh/thumb/500x500/1bebb225-1512-71d2-30bc-d1e0c5710df9.jpg,1bebb225-1512-71d2-30bc-d1e0c5710df9,NL-HlmNHA_1478_2725,9e978c19-59c7-a64a-797c-6ed0775e2d79,45531,image/jp2,,,,,,,,,,
b489c7cd-763e-aee3-dc8b-1d569d3370cb,,dansende_mensen,Dansende mensen,"Mensen die dansen, samen of solo. Heeft mogelijk overeenkomsten met het label 'muziek_optreden'",dancing,Dancing,People dancing,NL-HlmNHA_1478_08557_G.jpg,,https://images.memorix.nl/ranh/thumb/500x500/ff471e7c-8a42-a6eb-a1b8-cc2944d6dcce.jpg,ff471e7c-8a42-a6eb-a1b8-cc2944d6dcce,NL-HlmNHA_1478_08557_G,9ad574f7-8b8a-14ce-2cbb-2b275a0b759d,92040,image/jp2,,,,,,,,,,
b947e023-e209-e38d-f64f-12e82a83a036,,zwaan,Zwaan,Foto's waarin één zwaan of meerdere zwanen centraal staan,swan,Swan,,NL-HlmNHA_1478_08028_G,,https://images.memorix.nl/ranh/thumb/500x500/172a71e2-ff77-540e-2aa9-4fa6766dbbfa.jpg,172a71e2-ff77-540e-2aa9-4fa6766dbbfa,NL-HlmNHA_1478_08028_G,c3f350c6-286d-76ab-5d7c-5b4905ace4f6,90928,image/jp2,,,,,,,,,,
bdc7a6c2-432f-cb2c-de8f-275265effcdc,,woonwijk,Woonwijk,Foto's van een huizenblok / foto's waarin meerdere woningen centraal staan. Heeft mogelijk overeenkomsten met het label 'straat',residential_area,Residential area,,NL-HlmNHA_1478_5292,,https://images.memorix.nl/ranh/thumb/500x500/15dbbf64-3e12-cc99-c49f-e64949e2676a.jpg,15dbbf64-3e12-cc99-c49f-e64949e2676a,NL-HlmNHA_1478_5292,d4a2c0bc-0c05-ac32-9659-b2c79dc12c23,71381,image/jp2,,,,,,,,,,
c03a348c-5ae9-5eae-89ba-24bacfa46cba,,volleybal,Volleybal,Foto's van mensen die volleybal spelen,volleyball,Volleyball,Pictures of people playing volley ball,NL-HlmNHA_1478_07884_01_G,,https://images.memorix.nl/ranh/thumb/500x500/ce080233-ad31-bcc8-81bd-c390212ac769.jpg,ce080233-ad31-bcc8-81bd-c390212ac769,NL-HlmNHA_1478_07884_01_G,14d66c66-8370-ec33-a491-1459d8bcdd43,88921,image/jp2,,,,,,,,,,
c047f6be-4061-8fec-7cd0-20b7bffa2c2e,,trein,Trein,Foto's waarin een trein centraal staat. Mogelijk overeenkomsten met het label 'trein_station' of 'trein_ongeluk',train,Train,Pictures of trains. Overlap with train station,NL-HlmNHA_1478_09009_G,,https://images.memorix.nl/ranh/thumb/500x500/84d6ff82-21b0-5027-a8b6-6acb6e0a23fa.jpg,84d6ff82-21b0-5027-a8b6-6acb6e0a23fa,NL-HlmNHA_1478_09009_G,4298ca47-8a84-aff3-b859-66a8fe56df28,91483,image/jp2,,,,,,,,,,
c3cd755d-34c8-d31c-072d-02b34142daba,,kamperen,Kamperen,Foto's van een camping of mensen die aan het kamperen zijn,camping,Camping,people camping,NL-HlmNHA_1478_02038K01_29,,https://images.memorix.nl/ranh/thumb/500x500/ff359186-9fde-c57d-fe05-e29b9b88af2c.jpg,ff359186-9fde-c57d-fe05-e29b9b88af2c,NL-HlmNHA_1478_02038K01_29,467ab951-bc12-77cf-8829-07b1bb8c6e03,100523,image/jp2,,,,,,,,,,
c4db0acb-a485-a644-581f-ef8e352c3236,,voetbal,Voetbal,Foto's van mensen die buiten voetbal spelen. Heeft mogelijk overeenkomsten met het label 'zaalvoetbal',soccer,Soccer,people playing soccer,NL-HlmNHA_1478_04951_G.jpg,,https://images.memorix.nl/ranh/thumb/500x500/a2523318-1747-546e-4092-4c554cf7ae2e.jpg,a2523318-1747-546e-4092-4c554cf7ae2e,NL-HlmNHA_1478_04951_G,ffa823b2-53c7-470f-3a22-e80248da5677,93095,image/jp2,,,,,,,,,,
c5928baa-18f2-c179-98d9-d9a6fcda7f98,,begraafplaats,Begraafplaats,"Foto's van een begraafplaats. Graven, grafstenen en/of gedenktekens staan centraal. Heeft mogelijk overeenkomsten met het label 'begrafenis'",cemetery,Cemetery,"not active burial > the site. Pictures taken of a cemetery. Important element includes tombs, or tomb stones. ",NL-HlmNHA_1478_03269_G.jpg,,https://images.memorix.nl/ranh/thumb/500x500/692f88d0-e8f9-dbfd-4fdf-967b74159e7f.jpg,692f88d0-e8f9-dbfd-4fdf-967b74159e7f,NL-HlmNHA_1478_03269_G,70d40864-bad3-05b2-1483-edbee654c519,92436,image/jp2,,,,,,,,,,
c5d5be73-6728-d8d2-2487-788fca9a3138,,hardlopen,Hardlopen,Mensen die rennen en/of joggen in sportkleren,running,Running,People running in a sports event,NL-HlmNHA_1478_03457_G.jpg,,https://images.memorix.nl/ranh/thumb/500x500/cc0e62d7-29df-95b4-c02d-d583992d06ca.jpg,cc0e62d7-29df-95b4-c02d-d583992d06ca,NL-HlmNHA_1478_03457_G,82ca3737-d2b0-d86b-beba-a21bbb876512,90695,image/jp2,,,,,,,,,,
c5dbd797-e798-e24d-b0d6-e57f7c907d38,,visserij,Visserij,Foto's van vissers / viskwekerij / hengelsport / visboten,fishery,Fishery,Pictures of fishing industry,NL-HlmNHA_1478_04495_G.jpg,,https://images.memorix.nl/ranh/thumb/500x500/95ef3301-9073-a6ba-9cb1-34b8aee0ee55.jpg,95ef3301-9073-a6ba-9cb1-34b8aee0ee55,NL-HlmNHA_1478_04495_G,121d78cd-40c0-287f-1796-61b066e69979,91450,image/jp2,,,,,,,,,,
c72acb29-8c2b-28f0-376c-bcc717573275,,race,Race,Foto's van een racebaan / circuit met raceauto's. Let op: 'zeepkistenrace' heeft een eigen label,autorace,Autorace,Pictures taken on racecourse.,NL-HlmNHA_1478_6698,,https://images.memorix.nl/ranh/thumb/500x500/6e30ca23-1e63-2f3e-b65f-3d998015b43c.jpg,6e30ca23-1e63-2f3e-b65f-3d998015b43c,NL-HlmNHA_1478_6698,0ad2a979-0c32-ea82-f4bc-fb0bbba58397,65856,image/jp2,,,,,,,,,,
c7d7de0a-1aad-64b8-4208-0d188cacef9d,,kerk_buiten,Kerk buiten,Buitenkant van een kerk,church_outdoor,Church outdoor,a picture taken of the outside of a church,NL-HlmNHA_1478_2612,,https://images.memorix.nl/ranh/thumb/500x500/ecf29275-9946-ea04-987c-13016fb37a15.jpg,ecf29275-9946-ea04-987c-13016fb37a15,NL-HlmNHA_1478_2612,9415b72a-0845-a7da-7f69-6b3b4e87ff28,74913,image/jp2,,,,,,,,,,
c8f3165d-24eb-f48f-f57b-71695fef0494,,basketbal_korfbal,Basketbal korfbal,Mensen die basketbal of korfbal spelen,basketball,Basketball,People playing basketball or korf ball,NL-HlmNHA_1478_09289_01_G.jpg,,https://images.memorix.nl/ranh/thumb/500x500/56a7a530-0604-5783-8c11-383aadaebad3.jpg,56a7a530-0604-5783-8c11-383aadaebad3,NL-HlmNHA_1478_09289_01_G,75806bc4-c7ac-6913-38e1-320a08ed374c,171214,image/jp2,,,,,,,,,,
cada4aaf-64c9-ac97-e443-be2eccb7f895,,etalage,Etalage,"Aanzicht van een winkel waarbij achter het raam producten zijn uitgestald / producten achter een winkelruit. Heeft mogelijk overeenkomsten met de labels 'winkelstraat', 'bakkerij', 'slagerij', 'winkel'",shop_front,Shop front,picture of a shopfront,NL-HlmNHA_1478_04960_G.jpg,,https://images.memorix.nl/ranh/thumb/500x500/f9d38add-0f0d-bbe4-5071-1aa14bf6231a.jpg,f9d38add-0f0d-bbe4-5071-1aa14bf6231a,NL-HlmNHA_1478_04960_G,99092b7c-d43a-1ebd-da0a-b86697c67578,91125,image/jp2,,,,,,,,,,
caf0c391-4402-4ce1-f102-dde61dace211,,luchtfoto,Luchtfoto,"Foto's van bovenaf en vanuit de lucht / vanuit een vliegtuig geschoten (vogelperspectief), meestal van een (stads)landschap",aerial,Aerial,Picture with an aerial perspective,NL-HlmNHA_1478_5279,,https://images.memorix.nl/ranh/thumb/500x500/42454e1c-babe-6cf7-c54c-7c9303674361.jpg,42454e1c-babe-6cf7-c54c-7c9303674361,NL-HlmNHA_1478_5279,a3773dc9-a930-5739-24be-dd0d0847c985,119933,image/jp2,,,,,,,,,,
cfbf5531-d0fc-a346-8b1c-4121aca9a784,,borden_gevelsteen,Borden gevelsteen,"Foto's waarin bewegwijzering en/of andersoortige straatborden, informatieborden, plakaten en/of gevelstenen centraal staan",sign_post,Sign post,Focus on a sign/plaque,NL-HlmNHA_1478_20125K01_24.jpg,,https://images.memorix.nl/ranh/thumb/500x500/062f5832-36fe-c89c-f677-35524710e5d2.jpg,062f5832-36fe-c89c-f677-35524710e5d2,NL-HlmNHA_1478_20125K01_24,801ff5e6-9b7a-8968-ca3d-a32f470055e7,178750,image/jp2,,,,,,,,,,
d23c3f12-ef4a-fca2-d08f-0761851e75cd,,vechtsport,Vechtsport,Foto’s van mensen die een vechtsport beoefenen. Betreft niet foto’s die onder het label 'boksen' vallen,martial arts,Martial Arts,,NL-HlmNHA_1478_26661K00_05,,https://images.memorix.nl/ranh/thumb/500x500/6475c211-b017-0703-fd26-25491e555a43.jpg,6475c211-b017-0703-fd26-25491e555a43,NL-HlmNHA_1478_26661K00_05,a9b849a9-1ab8-4809-8beb-364b004f5cd5,131711,image/jp2,,,,,,,,,,
d42cc1d4-f396-c952-73bf-678f74fd7fd6,,koe,Koe,Foto's waarin een koe of meerdere koeien centraal staan,cow,Cow,,NL-HlmNHA_1478_5113,,https://images.memorix.nl/ranh/thumb/500x500/565e5347-78fa-90af-d88f-907e4149864f.jpg,565e5347-78fa-90af-d88f-907e4149864f,NL-HlmNHA_1478_5113,b0ea8de1-2f63-b954-f63e-ecfc7316d229,38582,image/jp2,,,,,,,,,,
d454f996-fd20-a1c2-16a8-3a0d7acd47b7,,straat,Straat,"Foto's van een straat, met of zonder mensen. Heeft mogelijk overeenkomsten met de labels 'winkelstraat', 'woonwijk'",street,Street,Depicting street sceneries.,NL-HlmNHA_1478_3452.jpg,,https://images.memorix.nl/ranh/thumb/500x500/335bf23d-cb90-2fb0-efa2-7215d2debc8f.jpg,335bf23d-cb90-2fb0-efa2-7215d2debc8f,NL-HlmNHA_1478_3452,176c0e92-8ec2-000e-dda8-948569eff937,75621,image/jp2,,,,,,,,,,
d5618bae-755d-e676-951b-5c23f96607e7,,bus_truck,Bus truck,Foto's waarin een zwaar voertuig zoals een bus of vrachtwagen centraal staat. Ook een tractor valt hieronder.,bus_truck,Bus truck,Pictures of a bus or truck,NL-HlmNHA_1478_4942.jpg,,https://images.memorix.nl/ranh/thumb/500x500/bc2e218c-032a-9d90-e2ea-a9d9aeb37d8e.jpg,bc2e218c-032a-9d90-e2ea-a9d9aeb37d8e,NL-HlmNHA_1478_4942,37991e29-2164-7a93-df8e-c6470cda8b42,38463,image/jp2,,,,,,,,,,
d5a80a03-d4c9-079d-407e-429bb38fe5d0,,akker,Akker,"Mensen werkend op een akker / (akker)gewassen / boeren-, bouw- en/of weiland / agrarisch landschap / platteland",farm_field,Farm field,People working in farm fields/pictures of crops/farm fields,NL-HlmNHA_1478_03467_G.jpg,,https://images.memorix.nl/ranh/thumb/500x500/ad95f902-1912-37ae-27e9-bdafdc153d06.jpg,ad95f902-1912-37ae-27e9-bdafdc153d06,NL-HlmNHA_1478_03467_G,ecb92f9d-b701-19a0-5534-25600ae29184,91567,image/jp2,,,,,,,,,,
d818ce63-45c9-31a8-3ee5-7b24db86536d,,bakkerij,Bakkerij,Binnen- of buitenkant van een bakkerswinkel / broodbakken / etalage van een bakkerij. Ook het presenteren van taarten binnen en buiten. Heeft mogelijk overeenkomsten met het label 'keuken' / 'etalage',bakery,Bakery,"Photos inside bakery, baking bread, presenting bread indoor/outdoors",NL-HlmNHA_1478_3899.jpg,,https://images.memorix.nl/ranh/thumb/500x500/0f51f311-5a19-fa53-45ce-525a53abd965.jpg,0f51f311-5a19-fa53-45ce-525a53abd965,NL-HlmNHA_1478_3899,734207b8-7b52-febc-06a7-25e9eabeadf8,35293,image/jp2,,,,,,,,,,
d984e757-c661-3bf1-c480-e21b97f7078d,,schaken_dammen,Schaken dammen,Mensen die schaken en/of mensen die dammen / schaakspelen / schaaksport / damspelen / damsport,chess_checkers,Chess checkers,People playing either chess or checkers,NL-HlmNHA_1478_02678_G,,https://images.memorix.nl/ranh/thumb/500x500/9b2e4d7a-02c6-0e66-05d1-1365417e2d35.jpg,9b2e4d7a-02c6-0e66-05d1-1365417e2d35,NL-HlmNHA_1478_02678_G,4ebbb327-0205-05f7-66e5-4979e1b29828,91874,image/jp2,,,,,,,,,,
dc1a1f0b-9c28-29ed-e798-195e5d3f07aa,,bibliotheek_boekwinkel,Bibliotheek boekwinkel,Binnenkant van een bibliotheek of boekwinkel / boekenplanken en/of boekentafels / lezende mensen in een daarvoor bestemde binnenruimte,bookstore_library,Bookstore library,The pictures feature rows of books and/or people reading.,NL-HlmNHA_1478_5669,,https://images.memorix.nl/ranh/thumb/500x500/a5227b66-8e39-251f-f9e8-a1aadcfc5260.jpg,a5227b66-8e39-251f-f9e8-a1aadcfc5260,NL-HlmNHA_1478_5669,6731f9c2-6878-b69f-38df-b146142e4165,38204,image/jp2,,,,,,,,,,
dd91e0e9-76cd-a126-68cb-962cd6a64696,,vogels,Vogels,Foto’s van vogels. Betreft niet foto’s die onder het label 'eend' en 'zwaan',,,,NL-HlmNHA_1478_48046K00_03,,https://images.memorix.nl/ranh/thumb/500x500/66bb98e1-ad02-b108-451a-edf3074bd54e.jpg,66bb98e1-ad02-b108-451a-edf3074bd54e,NL-HlmNHA_1478_48046K00_03,a9b849a9-1ab8-4809-8beb-364b004f5cd5,132200,image/jp2,,,,,,,,,,
dfda4e8b-b37e-63e8-7cd9-c560d66fe841,,muziek_optreden,Muziek optreden,Mensen die muziek maken / een instrument bespelen voor publiek. Heeft mogelijk overeenkomsten met het label 'dansende_mensen',musical_performance,Musical performance,People performing music,NL-HlmNHA_1478_2489.jpg,,https://images.memorix.nl/ranh/thumb/500x500/3fb2d405-7743-1a70-bfb3-6df0f2c1c788.jpg,3fb2d405-7743-1a70-bfb3-6df0f2c1c788,NL-HlmNHA_1478_2489,f34b36fa-106c-5524-bfba-2e47b6e3c37d,72549,image/jp2,,,,,,,,,,
e119f947-9a96-32da-27b3-ed3fdd0bd681,,paard,Paard,Foto's waarin een paard of meerdere paarden centraal staan,horse,Horse,,NL-HlmNHA_1478_3527,,https://images.memorix.nl/ranh/thumb/500x500/7785735b-4447-7e96-6a25-4bce2544d194.jpg,7785735b-4447-7e96-6a25-4bce2544d194,NL-HlmNHA_1478_3527,8dbc1e0a-2ccf-6bbb-6b77-121c1cec61b2,39335,image/jp2,,,,,,,,,,
e15f3c52-5da4-d870-00e8-a29b1f5045af,,tentoonstelling,Tentoonstelling,"Ruimte waarin één kunstwerk of meerdere kunstwerken gepresenteerd worden, al dan niet met mensen",exhibition,Exhibition,Room with artwork(s) and people.,NL-HlmNHA_1478_2107.jpg,,https://images.memorix.nl/ranh/thumb/500x500/8ce83d16-2834-1748-a3b9-dff6a5a72426.jpg,8ce83d16-2834-1748-a3b9-dff6a5a72426,NL-HlmNHA_1478_2107,a898c212-09a7-57a5-329b-36f48566ab9b,67317,image/jp2,,,,,,,,,,
e341a269-94d7-9fcf-2d5a-6d03f4b66392,,voetbal_team,Voetbal team,Groepsportret van een voetbalelftal poserend voor de foto,soccer_team,Soccer team,Portrait of soccer team,NL-HlmNHA_1478_01613_G.jpg,,https://images.memorix.nl/ranh/thumb/500x500/732a7105-8d15-d118-5f14-f73963788101.jpg,732a7105-8d15-d118-5f14-f73963788101,NL-HlmNHA_1478_01613_G,2e8d77b9-673d-dfaa-8442-f9aebfa8979a,90789,image/jp2,,,,,,,,,,
e43a88db-3572-2ff8-b916-754e8df1f1bc,,carnaval,Carnaval,Foto’s waarin mensen die verkleed zijn voor carnaval centraal staan. Heeft mogelijk overeenkomsten met het label 'historisch_toneelstuk',,,,NL-HlmNHA_1478_09232K00_34,,https://images.memorix.nl/ranh/thumb/500x500/5e540aa7-e1f9-a0d0-2cfe-388a75fb8b67.jpg,5e540aa7-e1f9-a0d0-2cfe-388a75fb8b67,NL-HlmNHA_1478_09232K00_34,a9b849a9-1ab8-4809-8beb-364b004f5cd5,132719,image/jp2,,,,,,,,,,
e80b1ae8-0312-380a-333e-f8de176c77c1,,garage_showroom,Garage showroom,Foto's van een werkplaats voor auto's / een overdekte autostalling / showroom,garage_showroom,Garage showroom,,NL-HlmNHA_1478_20137K00_03.jpg,,https://images.memorix.nl/ranh/thumb/500x500/f318c547-fc84-7c92-5744-c167e45ffa00.jpg,f318c547-fc84-7c92-5744-c167e45ffa00,NL-HlmNHA_1478_20137K00_03,a679be34-31b1-a24f-e534-6e9e4a480d67,179943,image/jp2,,,,,,,,,,
e85832cf-1e57-4bd7-a35e-f7e73f202354,,stemlokaal,Stemlokaal,Foto’s van een ruimte waar mensen stemmen en waarop eventueel een stembus te zien is,polling office,Polling office,,NL-HlmNHA_1478_12997K00_19,,https://images.memorix.nl/ranh/thumb/500x500/f2836008-9986-0d2c-916c-c1d64037edf4.jpg,f2836008-9986-0d2c-916c-c1d64037edf4,NL-HlmNHA_1478_12997K00_19,a9b849a9-1ab8-4809-8beb-364b004f5cd5,131916,image/jp2,,,,,,,,,,
e89b0b76-7bc1-060b-46c5-39d412802d32,,vlag_hijsen,Vlag hijsen,Foto's waarbij een vlag aan een vlaggenmast omhoog gehesen wordt,flag,Flag,raising of a flag,NL-HlmNHA_1478_05004_G.jpg,,https://images.memorix.nl/ranh/thumb/500x500/03f774e1-dabc-9563-11c1-751ff48fd343.jpg,03f774e1-dabc-9563-11c1-751ff48fd343,NL-HlmNHA_1478_05004_G,d9f01cd4-6f2a-7421-900d-280b58c7eed6,90473,image/jp2,,,,,,,,,,
e9228b5a-8ee7-012e-a672-39c0c4e5b414,,waterpolo,Waterpolo,Foto's van mensen die waterpolo spelen,waterpolo,Waterpolo,Pictures of people playing waterpolo,NL-HlmNHA_1478_24652K00_31,,https://images.memorix.nl/ranh/thumb/500x500/9d2294bd-e7ad-e0c6-65c7-bd5fbdb94834.jpg,9d2294bd-e7ad-e0c6-65c7-bd5fbdb94834,NL-HlmNHA_1478_24652K00_31,cf7c9118-0768-e274-c1de-da002b36c430,94748,image/jp2,,,,,,,,,,
ea81c655-a3aa-a8ee-b6dc-bac32fa65f5a,,huisje,Huisje,"Kleine huisjes zoals strandhuisjes, woonwagens, houten hutjes",shed,Shed,"Wooden buildings, beach houses, living trailers",NL-HlmNHA_1478_04425_G.jpg,,https://images.memorix.nl/ranh/thumb/500x500/460b0f06-fdb9-8c6a-5394-32a97706968c.jpg,460b0f06-fdb9-8c6a-5394-32a97706968c,NL-HlmNHA_1478_04425_G,e1d8a510-8174-0ba6-0486-a56552b07de6,89992,image/jp2,,,,,,,,,,
eb2b3fd4-a99b-1309-bf51-8cb79555f3e4,,wielrennen,Wielrennen,"Foto's waarin professionele / sportieve fietsers op of met een racefiets centraal staan. Let op: alledaagse, recreatieve fietsers krijgen het label 'fietsend_mensen'",road_biking,Road biking,Professional cyclists,NL-HlmNHA_1478_6002.jpg,,https://images.memorix.nl/ranh/thumb/500x500/6da06d6f-0f6a-13f5-d1d2-191c3bb95066.jpg,6da06d6f-0f6a-13f5-d1d2-191c3bb95066,NL-HlmNHA_1478_6002,aa0231ce-f5ab-43c5-c078-e2859c37203c,39703,image/jp2,,,,,,,,,,
ef389419-1bbc-a948-aa25-16df3f5ddf1b,,golf,Golf,Foto’s waarin mensen die golfen centraal staan,golf,Golf,,NL-HlmNHA_1478_29523K00_29,,https://images.memorix.nl/ranh/thumb/500x500/cab3fa43-8063-a9e3-2f10-582816433649.jpg,cab3fa43-8063-a9e3-2f10-582816433649,NL-HlmNHA_1478_29523K00_29,a9b849a9-1ab8-4809-8beb-364b004f5cd5,132890,image/jp2,,,,,,,,,,
ef89f068-ad28-5095-0edd-ca77be88e074,,bloementuin,Bloementuin,Een tuin met bloemen / bloemen in de volle grond. Heeft mogelijk overeenkomsten met het label 'bloemen',flower_garden,Flower garden,A garden filled with flowers,NL-HlmNHA_1478_3750,,https://images.memorix.nl/ranh/thumb/500x500/578b603d-ea4b-661c-b749-60f53bb6c1d7.jpg,578b603d-ea4b-661c-b749-60f53bb6c1d7,NL-HlmNHA_1478_3750,e875b635-7c18-73f8-c54b-ff9e8ea90b62,75746,image/jp2,,,,,,,,,,
efe13355-3612-9157-fe75-85d00b97e208,,handbal,Handbal,Foto's waarop mensen aan het handballen zijn,hand_ball,Hand ball,people playing hand ball,NL-HlmNHA_1478_26858K00_31,,https://images.memorix.nl/ranh/thumb/500x500/35fdae08-1ea7-0eb2-f5c1-c0dfcd679942.jpg,35fdae08-1ea7-0eb2-f5c1-c0dfcd679942,NL-HlmNHA_1478_26858K00_31,6f11bab8-fdf7-eecf-ec42-87b2efb23be4,101227,image/jp2,,,,,,,,,,
f0881540-bb3e-3755-dbac-735be0b40890,,buiten,Buiten,Foto's die in de open lucht zijn genomen,,,,NL-HlmNHA_1478_51592K00_26,,https://images.memorix.nl/ranh/thumb/500x500/30bbbc7d-be28-a9df-e9f2-9e0f42a64309.jpg,30bbbc7d-be28-a9df-e9f2-9e0f42a64309,NL-HlmNHA_1478_51592K00_26,a9b849a9-1ab8-4809-8beb-364b004f5cd5,144478,image/jp2,,,,,,,,,,
f36ab77c-57b7-7b27-fcf0-c4425ee4ddc6,,vliegtuig,Vliegtuig,Foto’s waarin een of meerdere vliegtuigen centraal staan,airplane,Airplane,,NL-HlmNHA_1478_12158K00_28,,https://images.memorix.nl/ranh/thumb/500x500/760e1e53-c569-e927-c286-015db67c4565.jpg,760e1e53-c569-e927-c286-015db67c4565,NL-HlmNHA_1478_12158K00_28,a9b849a9-1ab8-4809-8beb-364b004f5cd5,129865,image/jp2,,,,,,,,,,
f4f08a49-64fe-3e88-1350-1341528c6b94,,etende_mensen,Etende mensen,Foto's waarin etende mensen centraal staan. Heeft mogelijk overeenkomsten met het label 'café',dining_area,Dining area,"Area where people eat, both in restaurants and houses",NL-HlmNHA_1478_01583_G,,https://images.memorix.nl/ranh/thumb/500x500/ed2208c5-e195-a594-7745-b340c8144f6a.jpg,ed2208c5-e195-a594-7745-b340c8144f6a,NL-HlmNHA_1478_01583_G,4883f05d-7cfe-49af-1add-5f462007b815,91959,image/jp2,,,,,,,,,,
f6876290-a31d-be25-9f48-714bd581b8cb,,haven,Haven,"Foto's waarin een havenlandschap centraal staat / ligplaats voor boten, schepen en/of ander vaartuigen. Heeft mogelijk overeenkomsten met 'boten', 'mensen_op_een_boot', 'scheepswerf'",harbor,Harbor,"Ships docked at a harbor, focus is not ships, but context of the harbor. ",NL-HlmNHA_1478_02804_G,,https://images.memorix.nl/ranh/thumb/500x500/70446887-168e-9c58-e120-6ca44198e8ec.jpg,70446887-168e-9c58-e120-6ca44198e8ec,NL-HlmNHA_1478_02804_G,3c194ee3-93fd-ff74-ef10-004450fdf11e,91457,image/jp2,,,,,,,,,,
f6be45a0-f9b1-b8fb-4ece-1751cabe0550,,spoorweg,Spoorweg,"Foto’s waarin een spoorweg en/of de treinbaan centraal staat. Heeft mogelijk overeenkomsten met de labels ‘trein’, 'trein_ongeluk' en ‘trein_station’",railroad,Railroad,,NL-HlmNHA_1478_13667K00_26,,https://images.memorix.nl/ranh/thumb/500x500/52a80930-8ca8-31a6-52a4-de3928452510.jpg,52a80930-8ca8-31a6-52a4-de3928452510,NL-HlmNHA_1478_13667K00_26,a9b849a9-1ab8-4809-8beb-364b004f5cd5,132414,image/jp2,,,,,,,,,,
f8c85b25-dcf2-b36d-56ce-c3258c3ec853,,cricket,Cricket,Mensen die cricket spelen,cricket,Cricket,,NL-HlmNHA_1478_00018K01_18,,https://images.memorix.nl/ranh/thumb/500x500/30a5bf27-fb0f-dceb-198f-ebc2362e560f.jpg,30a5bf27-fb0f-dceb-198f-ebc2362e560f,NL-HlmNHA_1478_00018K01_18,7be8150f-670c-4734-7254-377ea9404966,178829,image/jp2,,,,,,,,,,
f98728e0-b7a0-5cd8-328e-b529fb4b1989,,slagerij,Slagerij,Binnen- en/of buitenkant van een slagerij / vleeshouwerij waarbij vlees wordt bereid / verkocht / uitgestald en/of bewerkt,butcher_shop,Butcher shop,"Butcher shop from inside, or people preparing meat.",NL-HlmNHA_1478_5842.jpg,,https://images.memorix.nl/ranh/thumb/500x500/b6637fb4-84be-bd10-8094-af30193de5e3.jpg,b6637fb4-84be-bd10-8094-af30193de5e3,NL-HlmNHA_1478_5842,a62f9d5d-710b-e052-595e-8819cdeeecb5,39933,image/jp2,,,,,,,,,,
faa411ec-382f-26ad-ec27-5f8767bfb692,,kade,Kade,Foto's van een kade met of zonder mensen. Heeft mogelijk overeenkomsten met het label 'haven',dock,Dock,pictures of the boardwalk/dock (with or without people),NL-HlmNHA_1478_5863.jpg,,https://images.memorix.nl/ranh/thumb/500x500/a1870225-9444-f4ff-bdfa-8755110f981e.jpg,a1870225-9444-f4ff-bdfa-8755110f981e,NL-HlmNHA_1478_5863,e651d428-4f85-6efa-c1ef-b86d8b305eb0,73388,image/jp2,,,,,,,,,,
